id,name,surname,adress,email,phone
1,user_1,user_1_surname,adress_1,mail1@gmail.com,0967776651
2,user_2,user_2_surname,adress_2,mail1@gmail.com,0967776652
3,user_3,user_3_surname,adress_3,mail1@gmail.com,0967776651
4,user_4,user_4_surname,adress_4,mail1@gmail.com,0967776651
5,user_5,user_5_surname,adress_5,mail1@gmail.com,0967776651
6,user_6,user_6_surname,adress_6,mail1@gmail.com,0967776654
7,user_7,user_7_surname,adress_7,mail1@gmail.com,0967776651
8,user_8,user_8_surname,adress_8,mail1@gmail.com,0967776651
9,user_9,user_9_surname,adress_8,mail1@gmail.com,0967776651
10,user_10,user_10_surname,adress_10,mail10@gmail.com,09677766510
